family,treatment,control,metric,kind,tier,n_pairs,n_tasks,treatment_mean,control_mean,diff,ci_low,ci_high,tasks_better,tasks_worse,p_wilcoxon_task,p_holm,mcnemar_b,mcnemar_c,p_mcnemar_pairs
primary,safeguard-transaction,baseline,any_unsafe_write,binary,primary,34,34,0.029411764705882353,0.058823529411764705,-0.029411764705882353,-0.08823529411764706,0.0,1,0,1.0,1.0,0,1,1.0
primary,safeguard-transaction,baseline,commission_error,binary,primary,34,34,0.0,0.0,0.0,0.0,0.0,0,0,1.0,1.0,0,0,1.0
primary,safeguard-transaction,baseline,success,binary,primary,34,34,0.9117647058823529,0.8529411764705882,0.058823529411764705,0.0,0.14705882352941177,2,0,0.5,1.0,2,0,0.5
primary,safeguard-transaction,baseline,unsafe_extra_writes,count,secondary,34,34,0.029411764705882353,0.058823529411764705,-0.029411764705882353,-0.08823529411764706,0.0,1,0,1.0,1.0,,,
primary,safeguard-transaction,baseline,missed_gold_writes,count,secondary,34,34,0.11764705882352941,0.17647058823529413,-0.058823529411764705,-0.20588235294117646,0.058823529411764705,2,1,0.75,1.0,,,
primary,safeguard-transaction,baseline,executed_writes,count,secondary,34,34,1.3823529411764706,1.3529411764705883,0.029411764705882353,-0.08823529411764706,0.17647058823529413,1,1,1.0,1.0,,,
primary,safeguard-transaction,baseline,transferred,binary,secondary,34,34,0.058823529411764705,0.08823529411764706,-0.029411764705882353,-0.08823529411764706,0.0,1,0,1.0,1.0,0,1,1.0
primary,safeguard-transaction,baseline,unconfirmed_writes,count,secondary,34,34,0.0,0.0,0.0,0.0,0.0,0,0,1.0,1.0,,,
primary,safeguard-transaction,baseline,unauthenticated_writes,count,secondary,34,34,0.0,0.0,0.0,0.0,0.0,0,0,1.0,1.0,,,
primary,safeguard-transaction,baseline,blocked_calls,count,secondary,34,34,1.7058823529411764,0.0,1.7058823529411764,1.2352941176470589,2.2941176470588234,0,29,1.4104828887375794e-06,9.873380221163055e-06,,,
primary-retail,safeguard-transaction,baseline,any_unsafe_write,binary,primary,34,34,0.029411764705882353,0.058823529411764705,-0.029411764705882353,-0.08823529411764706,0.0,1,0,1.0,1.0,0,1,1.0
primary-retail,safeguard-transaction,baseline,commission_error,binary,primary,34,34,0.0,0.0,0.0,0.0,0.0,0,0,1.0,1.0,0,0,1.0
primary-retail,safeguard-transaction,baseline,success,binary,primary,34,34,0.9117647058823529,0.8529411764705882,0.058823529411764705,0.0,0.14705882352941177,2,0,0.5,1.0,2,0,0.5
primary-retail,safeguard-transaction,baseline,unsafe_extra_writes,count,secondary,34,34,0.029411764705882353,0.058823529411764705,-0.029411764705882353,-0.08823529411764706,0.0,1,0,1.0,1.0,,,
primary-retail,safeguard-transaction,baseline,missed_gold_writes,count,secondary,34,34,0.11764705882352941,0.17647058823529413,-0.058823529411764705,-0.20588235294117646,0.058823529411764705,2,1,0.75,1.0,,,
primary-retail,safeguard-transaction,baseline,executed_writes,count,secondary,34,34,1.3823529411764706,1.3529411764705883,0.029411764705882353,-0.08823529411764706,0.17647058823529413,1,1,1.0,1.0,,,
primary-retail,safeguard-transaction,baseline,transferred,binary,secondary,34,34,0.058823529411764705,0.08823529411764706,-0.029411764705882353,-0.08823529411764706,0.0,1,0,1.0,1.0,0,1,1.0
primary-retail,safeguard-transaction,baseline,unconfirmed_writes,count,secondary,34,34,0.0,0.0,0.0,0.0,0.0,0,0,1.0,1.0,,,
primary-retail,safeguard-transaction,baseline,unauthenticated_writes,count,secondary,34,34,0.0,0.0,0.0,0.0,0.0,0,0,1.0,1.0,,,
primary-retail,safeguard-transaction,baseline,blocked_calls,count,secondary,34,34,1.7058823529411764,0.0,1.7058823529411764,1.2352941176470589,2.2941176470588234,0,29,1.4104828887375794e-06,9.873380221163055e-06,,,
